id;uuid;tcihd_pid;tcihd_line;tcihd_error;create_by;create_time;update_by;update_time;del_flag;remark
1;d6438518-845c-47a1-b969-ee72b2d1fed0;against vanish;zowie for;eek;rule;2025-04-15T06:42:30;rich yippee;2025-04-15T12:14:04;false;plan
2;6bc658e9-38c2-4bc5-9deb-db02d6f379d8;shyly;confide;huzzah along;daily ew;2025-04-15T11:46:05;and usually;2025-04-15T19:18:19;false;pink joyously
3;f6da87cb-d437-4543-a9b0-30b6d598ba68;when foolishly;brr;numeric whoever;until lashes gullible;2025-04-15T14:35:04;surprisingly delightfully;2025-04-15T09:31:33;true;overfeed
4;f116a2cc-d62d-4ef1-b173-ab5b8b002655;queasily after rowdy;muted;hydrolyze;swerve;2025-04-16T04:55:42;triumphantly aboard abandoned;2025-04-15T19:42:48;true;yuck
5;3f76e292-39eb-447d-b747-f89fd8e2b0df;selfishly cruelty for;pfft;readies tomorrow;typify;2025-04-15T18:53:35;hefty cantaloupe;2025-04-16T04:07:03;false;phew enraged following
6;e8a25100-3f5a-47a3-93f7-726e60ff69b9;outlandish duh;keenly malfunction;finer partially;claw torn if;2025-04-15T22:20:30;alongside past complication;2025-04-15T07:58:18;true;ugh
7;7d4c12af-6b93-475c-ba4f-d515414b0f59;whereas guest provided;until vivacious;mundane good for;brief yum;2025-04-16T02:58:52;break how than;2025-04-15T15:50:18;false;repeatedly
8;3c75460f-60ac-4154-877d-c9931686519b;pave without slow;uh-huh passionate among;duh;incidentally team;2025-04-16T00:38:32;nor;2025-04-16T00:28:56;true;elver convection
9;f9b5221e-e6e6-43e4-94ea-b54183b42690;brightly via;although;gaseous warm forage;round;2025-04-15T11:10:18;ugh;2025-04-15T14:47:53;false;down
10;7aede0b9-a677-4b5b-9fe9-2fcef4a254cc;oof pertain out;ick trial;mysterious fair;beyond;2025-04-15T21:16:13;quiet medium;2025-04-15T14:20:57;true;shirk cantaloupe
